"trainer/global_step","debug--VQVAE_CSL_ALL_ORIG_1GPU - _step","debug--VQVAE_CSL_ALL_ORIG_1GPU - _step__MIN","debug--VQVAE_CSL_ALL_ORIG_1GPU - _step__MAX","debug--VQVAE_CSL_ALL_ORIG_1GPU - vq/commit/train","debug--VQVAE_CSL_ALL_ORIG_1GPU - vq/commit/train__MIN","debug--VQVAE_CSL_ALL_ORIG_1GPU - vq/commit/train__MAX"
"0","0","0","0","0.0133065702393651","0.0133065702393651","0.0133065702393651"
"1","2","2","2","0.0976489707827568","0.0976489707827568","0.0976489707827568"
"2","4","4","4","0.13892142474651337","0.13892142474651337","0.13892142474651337"
"3","6","6","6","0.2614474594593048","0.2614474594593048","0.2614474594593048"
"4","8","8","8","0.4084831476211548","0.4084831476211548","0.4084831476211548"
"5","10","10","10","0.5187036395072937","0.5187036395072937","0.5187036395072937"
"6","12","12","12","0.6073079109191895","0.6073079109191895","0.6073079109191895"
"7","14","14","14","0.6508134007453918","0.6508134007453918","0.6508134007453918"
"8","16","16","16","0.7113639712333679","0.7113639712333679","0.7113639712333679"
"9","18","18","18","0.7639052271842957","0.7639052271842957","0.7639052271842957"
"10","20","20","20","0.8064772486686707","0.8064772486686707","0.8064772486686707"
"11","22","22","22","0.8690909743309021","0.8690909743309021","0.8690909743309021"
"12","24","24","24","0.8985583186149597","0.8985583186149597","0.8985583186149597"
"13","26","26","26","0.9365001916885376","0.9365001916885376","0.9365001916885376"
"14","28","28","28","0.967943549156189","0.967943549156189","0.967943549156189"
"15","30","30","30","1.0074013471603394","1.0074013471603394","1.0074013471603394"
"16","32","32","32","1.042458176612854","1.042458176612854","1.042458176612854"
"17","34","34","34","1.0757023096084595","1.0757023096084595","1.0757023096084595"
"18","36","36","36","1.1044782400131226","1.1044782400131226","1.1044782400131226"
"19","38","38","38","1.1293953657150269","1.1293953657150269","1.1293953657150269"
"20","40","40","40","1.1490885019302368","1.1490885019302368","1.1490885019302368"
"21","42","42","42","1.1623958349227905","1.1623958349227905","1.1623958349227905"
"22","44","44","44","1.1752876043319702","1.1752876043319702","1.1752876043319702"
"23","46","46","46","1.1922836303710938","1.1922836303710938","1.1922836303710938"
"24","48","48","48","1.2099863290786743","1.2099863290786743","1.2099863290786743"
"25","50","50","50","1.220033884048462","1.220033884048462","1.220033884048462"
"26","52","52","52","1.2292418479919434","1.2292418479919434","1.2292418479919434"
"27","54","54","54","1.2459652423858643","1.2459652423858643","1.2459652423858643"
"28","56","56","56","1.2622040510177612","1.2622040510177612","1.2622040510177612"
"29","58","58","58","1.2708643674850464","1.2708643674850464","1.2708643674850464"
"30","60","60","60","1.276697039604187","1.276697039604187","1.276697039604187"
"31","62","62","62","1.2819865942001343","1.2819865942001343","1.2819865942001343"
"32","64","64","64","1.2859776020050049","1.2859776020050049","1.2859776020050049"
"33","66","66","66","1.290733814239502","1.290733814239502","1.290733814239502"
"34","68","68","68","1.2939196825027466","1.2939196825027466","1.2939196825027466"
"35","70","70","70","1.3077001571655273","1.3077001571655273","1.3077001571655273"
"36","72","72","72","1.3122111558914185","1.3122111558914185","1.3122111558914185"
"37","74","74","74","1.3272689580917358","1.3272689580917358","1.3272689580917358"
"38","76","76","76","1.3396334648132324","1.3396334648132324","1.3396334648132324"
"39","78","78","78","1.343807339668274","1.343807339668274","1.343807339668274"
"40","80","80","80","1.3483389616012573","1.3483389616012573","1.3483389616012573"
"41","82","82","82","1.3500696420669556","1.3500696420669556","1.3500696420669556"
"42","84","84","84","1.3520352840423584","1.3520352840423584","1.3520352840423584"
"43","86","86","86","1.3492224216461182","1.3492224216461182","1.3492224216461182"
"44","88","88","88","1.3519765138626099","1.3519765138626099","1.3519765138626099"
"45","90","90","90","1.3624602556228638","1.3624602556228638","1.3624602556228638"
"46","92","92","92","1.367734432220459","1.367734432220459","1.367734432220459"
"47","94","94","94","1.3758913278579712","1.3758913278579712","1.3758913278579712"
"48","96","96","96","1.3859753608703613","1.3859753608703613","1.3859753608703613"
"49","98","98","98","1.3903496265411377","1.3903496265411377","1.3903496265411377"
"50","100","100","100","1.3981671333312988","1.3981671333312988","1.3981671333312988"
"51","102","102","102","1.4025779962539673","1.4025779962539673","1.4025779962539673"
"52","104","104","104","1.407180666923523","1.407180666923523","1.407180666923523"
"53","106","106","106","1.4127486944198608","1.4127486944198608","1.4127486944198608"
"54","108","108","108","1.4148714542388916","1.4148714542388916","1.4148714542388916"
"55","110","110","110","1.4099540710449219","1.4099540710449219","1.4099540710449219"
"56","112","112","112","1.4108809232711792","1.4108809232711792","1.4108809232711792"
"57","114","114","114","1.4042197465896606","1.4042197465896606","1.4042197465896606"
"58","116","116","116","1.39707612991333","1.39707612991333","1.39707612991333"
"59","118","118","118","1.3969674110412598","1.3969674110412598","1.3969674110412598"
"60","120","120","120","1.3996870517730713","1.3996870517730713","1.3996870517730713"
"61","122","122","122","1.398512363433838","1.398512363433838","1.398512363433838"
"62","124","124","124","1.39714515209198","1.39714515209198","1.39714515209198"
"63","126","126","126","1.4013712406158447","1.4013712406158447","1.4013712406158447"
"64","128","128","128","1.3982908725738525","1.3982908725738525","1.3982908725738525"
"65","130","130","130","1.4008815288543701","1.4008815288543701","1.4008815288543701"
"66","132","132","132","1.4072961807250977","1.4072961807250977","1.4072961807250977"
"67","134","134","134","1.4077708721160889","1.4077708721160889","1.4077708721160889"
"68","136","136","136","1.4078991413116455","1.4078991413116455","1.4078991413116455"
"69","138","138","138","1.407235860824585","1.407235860824585","1.407235860824585"
"70","140","140","140","1.4043406248092651","1.4043406248092651","1.4043406248092651"
"71","142","142","142","1.4017913341522217","1.4017913341522217","1.4017913341522217"
"72","144","144","144","1.3905055522918701","1.3905055522918701","1.3905055522918701"
"73","146","146","146","1.3928947448730469","1.3928947448730469","1.3928947448730469"
"74","148","148","148","1.3961650133132935","1.3961650133132935","1.3961650133132935"
"75","150","150","150","1.3909955024719238","1.3909955024719238","1.3909955024719238"
"76","152","152","152","1.3894102573394775","1.3894102573394775","1.3894102573394775"
"77","154","154","154","1.3897830247879028","1.3897830247879028","1.3897830247879028"
"78","156","156","156","1.3851913213729858","1.3851913213729858","1.3851913213729858"
"79","158","158","158","1.3837480545043945","1.3837480545043945","1.3837480545043945"
"80","160","160","160","1.3845010995864868","1.3845010995864868","1.3845010995864868"
"81","162","162","162","1.3807133436203003","1.3807133436203003","1.3807133436203003"
"82","164","164","164","1.3816254138946533","1.3816254138946533","1.3816254138946533"
"83","166","166","166","1.3781832456588745","1.3781832456588745","1.3781832456588745"
"84","168","168","168","1.3771172761917114","1.3771172761917114","1.3771172761917114"
"85","170","170","170","1.364243507385254","1.364243507385254","1.364243507385254"
"86","172","172","172","1.360759973526001","1.360759973526001","1.360759973526001"
"87","174","174","174","1.3651071786880493","1.3651071786880493","1.3651071786880493"
"88","176","176","176","1.3573641777038574","1.3573641777038574","1.3573641777038574"
"89","178","178","178","1.3554362058639526","1.3554362058639526","1.3554362058639526"
"90","180","180","180","1.367811918258667","1.367811918258667","1.367811918258667"